
{
  "openapi": "3.0.0",
  "info": {
    "title": "Nawai Marketplace API",
    "description": "API for secure digital license delivery with Escrow support in Afghanistan.",
    "version": "1.0.0"
  },
  "paths": {
    "/orders/initiate": {
      "post": {
        "summary": "Create a new order and generate payment intent",
        "responses": {
          "201": { "description": "Order created with secure payment token" }
        }
      }
    },
    "/payments/verify": {
      "post": {
        "summary": "Verify payment from local gateway and lock funds in Escrow",
        "parameters": [
          { "name": "orderId", "in": "body", "required": true },
          { "name": "paymentToken", "in": "body", "required": true }
        ],
        "responses": {
          "200": { "description": "Payment verified, funds moved to Escrow" }
        }
      }
    },
    "/kyc/verify": {
      "post": {
        "summary": "Submit identity documents for Tazkira/Passport verification",
        "responses": {
          "202": { "description": "KYC request submitted for manual/AI review" }
        }
      }
    }
  }
}
